<profiles>
<profile>
         <id>adobe-public</id>
         <activation>
             <activeByDefault>true</activeByDefault>
         </activation>
         <properties>
             <releaseRepository-Id>adobe-public-releases</releaseRepository-Id>
             <releaseRepository-Name>Adobe Public Releases</releaseRepository-Name>
             <releaseRepository-URL>https://repo.adobe.com/nexus/content/groups/public</releaseRepository-URL>
         </properties>
         <repositories>
             <repository>
                 <id>adobe-public-releases</id>
                 <name>Adobe Public Repository</name>
                 <url>https://repo.adobe.com/nexus/content/groups/public</url>
                 <releases>
                     <enabled>true</enabled>
                     <updatePolicy>never</updatePolicy>
                 </releases>
                 <snapshots>
                     <enabled>false</enabled>
                 </snapshots>
             </repository>
         </repositories>
         <pluginRepositories>
             <pluginRepository>
                 <id>adobe-public-releases</id>
                 <name>Adobe Public Repository</name>
                 <url>https://repo.adobe.com/nexus/content/groups/public</url>
                 <releases>
                     <enabled>true</enabled>
                     <updatePolicy>never</updatePolicy>
                 </releases>
                 <snapshots>
                     <enabled>false</enabled>
                 </snapshots>
             </pluginRepository>
         </pluginRepositories>
     </profile>
</profiles>
 <activeProfiles>
     <activeProfile>adobe-public</activeProfile>
 </activeProfiles>